"zip_code","city","county","state","total_usage","total_revenue"
"75645","City_45","County_45","TX","27569899.49","41127716.08"
"75078","City_78","County_28","TX","26618280.57","40791760.65"
"75523","City_23","County_23","TX","27201569.28","40121667.08"
"76202","City_2","County_2","TX","25267027.95","39030359.22"
"75806","City_6","County_6","TX","25573332.92","38858767.26"
"75346","City_46","County_46","TX","25976099.52","37898707.50"
"75033","City_33","County_33","TX","22701817.42","36731046.34"
"75482","City_82","County_32","TX","23291614.50","36462086.76"
"76234","City_34","County_34","TX","24010149.24","36222080.16"
"75200","City_0","County_0","TX","22408855.92","35386630.84"
"75262","City_62","County_12","TX","21005908.56","35317470.38"
"76064","City_64","County_14","TX","22003620.21","33832916.63"
"76416","City_16","County_16","TX","22006398.88","33582468.01"
"76417","City_17","County_17","TX","21652699.25","33145955.70"
"76109","City_9","County_9","TX","21853484.52","32935810.16"
"76095","City_95","County_45","TX","20402307.18","32788957.89"
"76012","City_12","County_12","TX","19971836.64","32632992.96"
"75959","City_59","County_9","TX","21721877.58","32602241.88"
"75754","City_54","County_4","TX","20627723.93","32568431.60"
"75590","City_90","County_40","TX","20823870.60","32381727.69"
"76073","City_73","County_23","TX","23327856.39","32265835.60"
"76377","City_77","County_27","TX","21451682.00","32261418.00"
"75895","City_95","County_45","TX","22731200.64","32063862.87"
"75922","City_22","County_22","TX","21094651.29","32003102.00"
"76444","City_44","County_44","TX","20136861.36","31992639.00"
"75999","City_99","County_49","TX","21242750.40","31618739.24"
"76344","City_44","County_44","TX","22575765.68","31537885.68"
"75787","City_87","County_37","TX","19412235.19","31443534.34"
"75517","City_17","County_17","TX","20326420.64","31291539.75"
"75254","City_54","County_4","TX","21805750.21","31230913.60"
"75145","City_45","County_45","TX","20304463.26","31188184.00"
"76228","City_28","County_28","TX","19804854.86","31153561.53"
"76375","City_75","County_25","TX","21204962.40","31056153.75"
"75894","City_94","County_44","TX","19654818.66","31006051.12"
"76262","City_62","County_12","TX","21886460.05","30835960.95"
"75736","City_36","County_36","TX","21165143.09","30817208.84"
"76472","City_72","County_22","TX","19970195.86","30740275.35"
"75328","City_28","County_28","TX","20368564.86","30677437.11"
"76070","City_70","County_20","TX","20604873.66","30605643.60"
"76363","City_63","County_13","TX","19636721.20","30581554.92"
"75038","City_38","County_38","TX","20152649.19","30574572.23"
"76127","City_27","County_27","TX","19462744.00","30464088.14"
"76144","City_44","County_44","TX","19372270.44","30446099.04"
"76192","City_92","County_42","TX","20661659.96","30435731.43"
"75339","City_39","County_39","TX","20580874.72","30373097.98"
"75149","City_49","County_49","TX","20540713.50","30260396.52"
"75001","City_1","County_1","TX","20529946.36","30237549.24"
"75410","City_10","County_10","TX","20608301.69","30214466.20"
"75712","City_12","County_12","TX","21223177.92","30139300.80"
"75130","City_30","County_30","TX","18086916.28","30013329.59"
"76290","City_90","County_40","TX","19069438.68","29804466.60"
"75707","City_7","County_7","TX","19661840.45","29753130.66"
"76028","City_28","County_28","TX","18046481.20","29737401.27"
"75857","City_57","County_7","TX","17690160.84","29731572.50"
"76300","City_0","County_0","TX","18542173.05","29718639.65"
"76188","City_88","County_38","TX","22645410.48","29716655.64"
"76114","City_14","County_14","TX","19991297.64","29700175.68"
"75342","City_42","County_42","TX","17958368.00","29536609.22"
"76372","City_72","County_22","TX","18970995.42","29528367.12"
"76292","City_92","County_42","TX","18046320.40","29512463.76"
"76295","City_95","County_45","TX","18659262.60","29501461.50"
"75163","City_63","County_13","TX","18827177.62","29386679.01"
"75018","City_18","County_18","TX","18450153.96","29376337.38"
"75313","City_13","County_13","TX","19393193.50","29305314.62"
"75399","City_99","County_49","TX","18305997.45","29212419.82"
"75841","City_41","County_41","TX","20753910.36","29141699.04"
"75023","City_23","County_23","TX","18639560.00","29094421.44"
"75654","City_54","County_4","TX","21230690.65","29087391.60"
"75816","City_16","County_16","TX","20071622.57","29070454.27"
"76034","City_34","County_34","TX","20396479.82","29019892.59"
"75984","City_84","County_34","TX","18743762.40","29017038.54"
"75854","City_54","County_4","TX","19760656.60","28995083.04"
"76276","City_76","County_26","TX","18673272.00","28984902.80"
"75219","City_19","County_19","TX","18301113.87","28962284.80"
"75901","City_1","County_1","TX","21125129.87","28849629.20"
"75550","City_50","County_0","TX","19154397.99","28846295.79"
"75231","City_31","County_31","TX","16853102.40","28845600.50"
"75039","City_39","County_39","TX","16804956.44","28820682.99"
"76412","City_12","County_12","TX","18409165.64","28813647.14"
"76059","City_59","County_9","TX","17082207.73","28812493.20"
"75781","City_81","County_31","TX","18126975.35","28801168.89"
"76424","City_24","County_24","TX","21201654.72","28747441.10"
"75758","City_58","County_8","TX","17217326.80","28747391.98"
"76089","City_89","County_39","TX","20717279.39","28674853.20"
"76046","City_46","County_46","TX","19928982.18","28613344.86"
"76132","City_32","County_32","TX","20374425.60","28612378.08"
"76131","City_31","County_31","TX","17972695.40","28589765.76"
"76066","City_66","County_16","TX","18810060.91","28555025.97"
"76369","City_69","County_19","TX","18925821.34","28551033.72"
"75716","City_16","County_16","TX","17882006.58","28533037.32"
"75889","City_89","County_39","TX","19623331.80","28523813.12"
"75624","City_24","County_24","TX","18084001.68","28502133.33"
"75052","City_52","County_2","TX","21417569.60","28460010.60"
"75732","City_32","County_32","TX","17235702.94","28400261.37"
"75264","City_64","County_14","TX","19256713.20","28396836.84"
"75381","City_81","County_31","TX","16761202.20","28369376.00"
"75293","City_93","County_43","TX","18198875.64","28345420.56"
"76033","City_33","County_33","TX","19390269.40","28300598.43"
"76430","City_30","County_30","TX","17968195.20","28278934.62"
"75054","City_54","County_4","TX","19341180.51","28253985.14"
"75927","City_27","County_27","TX","18514165.82","28185391.92"
"75311","City_11","County_11","TX","17333590.29","28161054.45"
"75638","City_38","County_38","TX","19471557.28","28157204.46"
"75585","City_85","County_35","TX","18805124.52","28113309.00"
"76162","City_62","County_12","TX","18358805.43","28107639.84"
"75306","City_6","County_6","TX","17737270.76","28104986.88"
"76398","City_98","County_48","TX","18895567.32","28044956.55"
"75978","City_78","County_28","TX","18125484.30","28019033.53"
"75859","City_59","County_9","TX","18853380.00","28001712.80"
"75489","City_89","County_39","TX","17697621.90","27930637.14"
"76218","City_18","County_18","TX","18594375.84","27926144.40"
"76493","City_93","County_43","TX","18100432.35","27859047.30"
"76464","City_64","County_14","TX","17198787.60","27838508.74"
"76425","City_25","County_25","TX","17755642.80","27779533.40"
"75011","City_11","County_11","TX","17898418.59","27728995.71"
"76186","City_86","County_36","TX","19909836.00","27688215.60"
"75212","City_12","County_12","TX","18543900.96","27683482.32"
"75980","City_80","County_30","TX","17856713.70","27628825.68"
"76261","City_61","County_11","TX","20122102.76","27501843.18"
"75207","City_7","County_7","TX","18147584.25","27408944.03"
"75109","City_9","County_9","TX","18322007.34","27406375.92"
"75184","City_84","County_34","TX","16393828.40","27398636.28"
"75452","City_52","County_2","TX","16933261.80","27389301.42"
"76149","City_49","County_49","TX","17931200.80","27374891.06"
"75453","City_53","County_3","TX","17520515.04","27367914.42"
"76467","City_67","County_17","TX","17749760.76","27358790.34"
"75882","City_82","County_32","TX","18746470.59","27350367.44"
"75530","City_30","County_30","TX","17336747.01","27346329.02"
"75985","City_85","County_35","TX","16969135.60","27343397.04"
"75404","City_4","County_4","TX","19957453.25","27332831.08"
"75271","City_71","County_21","TX","17713819.08","27278333.04"
"76277","City_77","County_27","TX","17910252.00","27266612.34"
"76457","City_57","County_7","TX","15484850.30","27250070.10"
"75318","City_18","County_18","TX","16368121.56","27239281.11"
"75476","City_76","County_26","TX","17305495.96","27223946.75"
"76491","City_91","County_41","TX","20095737.48","27217530.41"
"75209","City_9","County_9","TX","17513015.11","27192115.11"
"75511","City_11","County_11","TX","18269476.31","27191055.78"
"75970","City_70","County_20","TX","18044825.63","27157860.40"
"76251","City_51","County_1","TX","19589216.76","27076941.45"
"76462","City_62","County_12","TX","16169530.10","27044448.48"
"76328","City_28","County_28","TX","18275614.62","27026864.64"
"75294","City_94","County_44","TX","18809420.35","27009948.24"
"75561","City_61","County_11","TX","18696248.64","26952658.56"
"75072","City_72","County_22","TX","18803085.84","26929892.52"
"75568","City_68","County_18","TX","17128947.60","26919126.52"
"75022","City_22","County_22","TX","18689173.92","26915613.99"
"76204","City_4","County_4","TX","18719851.41","26911249.56"
"75428","City_28","County_28","TX","17818262.64","26871830.90"
"75769","City_69","County_19","TX","17038887.60","26791716.24"
"75096","City_96","County_46","TX","17361971.55","26779257.12"
"75900","City_0","County_0","TX","17809926.64","26743735.59"
"76419","City_19","County_19","TX","15750553.04","26659104.40"
"75682","City_82","County_32","TX","17288160.04","26627661.06"
"76494","City_94","County_44","TX","16888884.95","26599541.71"
"75451","City_51","County_1","TX","17462043.00","26556326.89"
"75671","City_71","County_21","TX","17225336.16","26549252.34"
"75483","City_83","County_33","TX","16193485.20","26510036.19"
"75830","City_30","County_30","TX","17843211.12","26494862.45"
"76203","City_3","County_3","TX","17906020.28","26461489.86"
"76231","City_31","County_31","TX","17617723.50","26445022.52"
"75811","City_11","County_11","TX","18212513.50","26419475.60"
"75570","City_70","County_20","TX","16911406.08","26344683.30"
"75874","City_74","County_24","TX","16698376.96","26293609.04"
"75733","City_33","County_33","TX","16278602.80","26276960.50"
"76441","City_41","County_41","TX","17738766.68","26243480.71"
"75678","City_78","County_28","TX","18789289.26","26219357.34"
"75084","City_84","County_34","TX","16762562.19","26204229.92"
"75773","City_73","County_23","TX","16885184.58","26174084.82"
"75401","City_1","County_1","TX","17959320.00","26172304.29"
"75004","City_4","County_4","TX","17452435.65","26129604.54"
"75236","City_36","County_36","TX","15767783.08","26119868.04"
"76172","City_72","County_22","TX","15942945.60","26102396.70"
"75408","City_8","County_8","TX","15345625.50","26098238.14"
"76041","City_41","County_41","TX","16588436.02","26098157.94"
"75267","City_67","County_17","TX","16472754.09","26079753.60"
"75821","City_21","County_21","TX","17664491.90","26074296.30"
"75905","City_5","County_5","TX","18420566.22","26055695.40"
"75003","City_3","County_3","TX","16534553.00","26044901.60"
"75572","City_72","County_22","TX","16875988.36","26007092.43"
"75107","City_7","County_7","TX","18449370.45","25955420.92"
"75659","City_59","County_9","TX","16479980.40","25947223.56"
"76177","City_77","County_27","TX","16344344.11","25930874.52"
"76451","City_51","County_1","TX","17664615.94","25919342.06"
"76250","City_50","County_0","TX","16122545.56","25871485.44"
"75388","City_88","County_38","TX","15877650.24","25815835.50"
"76115","City_15","County_15","TX","17511858.44","25806099.82"
"76106","City_6","County_6","TX","17232481.20","25798561.92"
"76097","City_97","County_47","TX","16606907.73","25787202.42"
"75270","City_70","County_20","TX","16703969.40","25771940.61"
"75646","City_46","County_46","TX","16112433.24","25751976.51"
"75591","City_91","County_41","TX","16956437.14","25736667.84"
"75323","City_23","County_23","TX","17576184.06","25645958.36"
"76246","City_46","County_46","TX","16664484.24","25611832.80"
"75879","City_79","County_29","TX","18013100.40","25599658.11"
"75497","City_97","County_47","TX","17839126.40","25554956.13"
"76128","City_28","County_28","TX","17394360.72","25537537.03"
"75194","City_94","County_44","TX","17074192.00","25532113.88"
"76454","City_54","County_4","TX","15959368.49","25523713.64"
"75137","City_37","County_37","TX","19490527.80","25523619.60"
"76303","City_3","County_3","TX","17021740.14","25521512.50"
"76040","City_40","County_40","TX","17189391.18","25506111.48"
"75148","City_48","County_48","TX","17770854.15","25499974.38"
"75804","City_4","County_4","TX","16781626.50","25479026.40"
"75606","City_6","County_6","TX","15287438.40","25468831.20"
"75799","City_99","County_49","TX","16120134.45","25459752.24"
"76242","City_42","County_42","TX","18014264.04","25445366.96"
"75553","City_53","County_3","TX","16244882.19","25442582.32"
"75454","City_54","County_4","TX","16539128.32","25387751.04"
"76353","City_53","County_3","TX","16112231.20","25384874.30"
"76488","City_88","County_38","TX","17775004.26","25384697.13"
"75316","City_16","County_16","TX","15082869.90","25361758.78"
"75237","City_37","County_37","TX","16748474.40","25360381.20"
"76137","City_37","County_37","TX","17914309.24","25352482.02"
"76337","City_37","County_37","TX","15425649.20","25352351.94"
"75677","City_77","County_27","TX","15960222.52","25332428.62"
"75060","City_60","County_10","TX","17222541.64","25299392.40"
"75392","City_92","County_42","TX","17492061.17","25256157.36"
"75691","City_91","County_41","TX","18545912.19","25245986.89"
"75448","City_48","County_48","TX","17081536.30","25244468.55"
"76334","City_34","County_34","TX","16155362.32","25226366.87"
"76022","City_22","County_22","TX","17016056.28","25208068.95"
"75776","City_76","County_26","TX","16455174.23","25190333.71"
"76403","City_3","County_3","TX","18886652.49","25154839.02"
"75246","City_46","County_46","TX","16105058.92","25147413.71"
"76271","City_71","County_21","TX","17554521.61","25146303.00"
"75608","City_8","County_8","TX","17108807.93","25137229.46"
"76308","City_8","County_8","TX","17669784.35","25133081.75"
"75472","City_72","County_22","TX","16586151.84","25131436.20"
"75734","City_34","County_34","TX","15132332.16","25125510.40"
"76201","City_1","County_1","TX","16573558.26","25102527.04"
"75298","City_98","County_48","TX","16019937.02","25100127.50"
"76029","City_29","County_29","TX","15177490.30","25058317.60"
"76460","City_60","County_10","TX","14939190.08","25047389.95"
"76340","City_40","County_40","TX","16429063.32","25002363.84"
"76163","City_63","County_13","TX","16528795.80","24993204.96"
"76019","City_19","County_19","TX","17614176.12","24987901.82"
"75353","City_53","County_3","TX","17362001.74","24965470.74"
"75676","City_76","County_26","TX","15909438.60","24965228.98"
"76167","City_67","County_17","TX","15462787.20","24955293.00"
"75701","City_1","County_1","TX","15997110.42","24954703.20"
"75322","City_22","County_22","TX","16923474.75","24940044.09"
"75871","City_71","County_21","TX","17635375.68","24932670.68"
"75128","City_28","County_28","TX","16143627.62","24911372.58"
"76133","City_33","County_33","TX","17082670.48","24868803.22"
"75009","City_9","County_9","TX","16638815.60","24853161.63"
"75002","City_2","County_2","TX","16910566.80","24846307.56"
"75906","City_6","County_6","TX","17337321.32","24844068.98"
"75031","City_31","County_31","TX","16333482.76","24820084.50"
"76069","City_69","County_19","TX","16319734.20","24807566.55"
"76384","City_84","County_34","TX","17598529.08","24803422.41"
"75186","City_86","County_36","TX","16723547.10","24801688.32"
"75856","City_56","County_6","TX","15282615.92","24778849.63"
"76283","City_83","County_33","TX","14044844.43","24769029.60"
"76173","City_73","County_23","TX","16280665.92","24765925.25"
"75375","City_75","County_25","TX","16389567.30","24727179.15"
"75285","City_85","County_35","TX","17028267.90","24708646.95"
"75248","City_48","County_48","TX","15853127.20","24703479.04"
"75034","City_34","County_34","TX","15121266.66","24702708.16"
"75932","City_32","County_32","TX","17402981.08","24669619.38"
"75422","City_22","County_22","TX","17106616.80","24662320.20"
"75926","City_26","County_26","TX","16614292.00","24654909.94"
"75444","City_44","County_44","TX","17656852.64","24639081.72"
"76370","City_70","County_20","TX","16933894.20","24615635.20"
"75467","City_67","County_17","TX","16925557.11","24611241.90"
"75233","City_33","County_33","TX","17088521.84","24610406.85"
"75522","City_22","County_22","TX","15327583.52","24602892.90"
"75892","City_92","County_42","TX","15450061.98","24596345.28"
"76232","City_32","County_32","TX","14485406.39","24586847.60"
"75661","City_61","County_11","TX","17366214.32","24578540.19"
"76118","City_18","County_18","TX","14508972.66","24563243.10"
"76112","City_12","County_12","TX","16873653.38","24561576.26"
"75946","City_46","County_46","TX","17532844.08","24516130.44"
"76030","City_30","County_30","TX","16472287.44","24503066.14"
"76053","City_53","County_3","TX","16971000.40","24500912.10"
"75427","City_27","County_27","TX","14533433.26","24497868.36"
"75884","City_84","County_34","TX","15448489.38","24481884.72"
"76243","City_43","County_43","TX","17382842.02","24474714.60"
"75621","City_21","County_21","TX","15116522.19","24474614.19"
"76199","City_99","County_49","TX","15672749.64","24463516.46"
"76180","City_80","County_30","TX","15784541.64","24453189.72"
"75708","City_8","County_8","TX","15850513.44","24448260.24"
"75124","City_24","County_24","TX","18177560.42","24443728.83"
"75695","City_95","County_45","TX","15721322.32","24419790.75"
"75005","City_5","County_5","TX","16363521.89","24417752.32"
"75309","City_9","County_9","TX","14740691.40","24357839.20"
"76452","City_52","County_2","TX","16792953.27","24309967.44"
"76443","City_43","County_43","TX","14752214.28","24303709.81"
"75019","City_19","County_19","TX","15016828.05","24299757.69"
"75139","City_39","County_39","TX","16418912.00","24292620.13"
"75520","City_20","County_20","TX","16515654.80","24290956.94"
"76347","City_47","County_47","TX","15577317.20","24268584.90"
"75435","City_35","County_35","TX","16624819.18","24262777.14"
"75459","City_59","County_9","TX","14728979.10","24250849.20"
"75433","City_33","County_33","TX","18968333.78","24197818.48"
"75070","City_70","County_20","TX","16157034.18","24187257.72"
"76410","City_10","County_10","TX","14439563.95","24165422.64"
"75658","City_58","County_8","TX","14674837.51","24160623.20"
"76378","City_78","County_28","TX","17224933.74","24145422.12"
"76354","City_54","County_4","TX","16273085.73","24140715.25"
"75579","City_79","County_29","TX","17123250.68","24135869.45"
"75696","City_96","County_46","TX","15679777.74","24135425.64"
"76181","City_81","County_31","TX","17006332.56","24102095.85"
"75548","City_48","County_48","TX","17228039.87","24101814.72"
"76306","City_6","County_6","TX","15629543.58","24100883.20"
"76076","City_76","County_26","TX","15919174.60","24065439.73"
"76088","City_88","County_38","TX","17010919.45","24044330.40"
"75577","City_77","County_27","TX","15702309.75","24042585.18"
"75425","City_25","County_25","TX","16263879.60","24033249.62"
"76395","City_95","County_45","TX","16681059.90","24024247.80"
"76298","City_98","County_48","TX","15915160.10","24010194.74"
"75335","City_35","County_35","TX","16345696.20","24000812.64"
"76426","City_26","County_26","TX","15985397.40","23983790.61"
"75325","City_25","County_25","TX","15701109.47","23966131.32"
"75925","City_25","County_25","TX","15394611.12","23953695.87"
"76032","City_32","County_32","TX","14840965.86","23947071.00"
"75552","City_52","County_2","TX","15916433.28","23945464.40"
"75667","City_67","County_17","TX","16887574.55","23905095.48"
"75650","City_50","County_0","TX","15485340.64","23903999.88"
"75694","City_94","County_44","TX","14830168.96","23872067.64"
"76249","City_49","County_49","TX","15024604.98","23862976.66"
"75910","City_10","County_10","TX","15732142.11","23856171.90"
"75709","City_9","County_9","TX","17307375.20","23835167.90"
"75899","City_99","County_49","TX","16617380.36","23831967.04"
"75389","City_89","County_39","TX","14674902.52","23822887.34"
"76150","City_50","County_0","TX","15579252.56","23816993.40"
"75524","City_24","County_24","TX","15206619.78","23803278.33"
"75689","City_89","County_39","TX","17542708.00","23801849.75"
"75728","City_28","County_28","TX","16625037.99","23794184.36"
"75683","City_83","County_33","TX","15753715.47","23770809.03"
"75152","City_52","County_2","TX","15559409.04","23760207.30"
"75819","City_19","County_19","TX","16645118.88","23732496.84"
"75649","City_49","County_49","TX","15464959.02","23721988.29"
"75546","City_46","County_46","TX","14624540.00","23686258.35"
"75766","City_66","County_16","TX","14462849.88","23653621.60"
"76316","City_16","County_16","TX","15487210.20","23648082.86"
"75509","City_9","County_9","TX","16621088.80","23598188.79"
"75791","City_91","County_41","TX","15833217.97","23565289.84"
"75908","City_8","County_8","TX","15582672.30","23558165.82"
"75510","City_10","County_10","TX","15424289.79","23544213.99"
"75359","City_59","County_9","TX","14691894.36","23507023.52"
"75146","City_46","County_46","TX","15823643.18","23503741.76"
"75118","City_18","County_18","TX","15781020.09","23500602.20"
"76078","City_78","County_28","TX","14930814.98","23483234.95"
"75143","City_43","County_43","TX","14266531.08","23469202.10"
"75097","City_97","County_47","TX","14798685.98","23451207.52"
"75232","City_32","County_32","TX","17020822.05","23443110.19"
"76020","City_20","County_20","TX","15498124.95","23434813.94"
"76301","City_1","County_1","TX","15792611.20","23425802.07"
"76079","City_79","County_29","TX","17218017.74","23413914.65"
"75543","City_43","County_43","TX","15261551.37","23412568.65"
"75580","City_80","County_30","TX","14831659.15","23407959.72"
"75374","City_74","County_24","TX","16290471.20","23398940.07"
"76222","City_22","County_22","TX","16420970.52","23386008.96"
"75919","City_19","County_19","TX","13443079.80","23369860.80"
"75259","City_59","County_9","TX","16817118.12","23361011.90"
"75914","City_14","County_14","TX","16066569.75","23357592.18"
"75518","City_18","County_18","TX","16184041.02","23355275.07"
"75364","City_64","County_14","TX","14430149.16","23349738.25"
"75757","City_57","County_7","TX","14013486.58","23332629.88"
"76381","City_81","County_31","TX","16417141.98","23331246.40"
"76360","City_60","County_10","TX","16343778.75","23284937.20"
"75536","City_36","County_36","TX","15375341.96","23278281.75"
"76379","City_79","County_29","TX","14464170.42","23273157.72"
"75648","City_48","County_48","TX","16277286.60","23263166.41"
"76191","City_91","County_41","TX","14328721.53","23260185.65"
"75228","City_28","County_28","TX","15903319.65","23244569.54"
"75941","City_41","County_41","TX","15842689.60","23239273.05"
"75948","City_48","County_48","TX","15771890.88","23231775.34"
"76099","City_99","County_49","TX","14589401.40","23215600.80"
"75896","City_96","County_46","TX","14566706.80","23209532.16"
"75938","City_38","County_38","TX","15081960.72","23208141.25"
"75717","City_17","County_17","TX","13188980.12","23203649.00"
"76274","City_74","County_24","TX","17002933.86","23203365.36"
"75647","City_47","County_47","TX","16156113.44","23193316.58"
"75913","City_13","County_13","TX","15269927.01","23182674.55"
"75981","City_81","County_31","TX","14559623.57","23173012.43"
"75911","City_11","County_11","TX","16002460.40","23171956.47"
"75174","City_74","County_24","TX","15491982.88","23147650.16"
"76282","City_82","County_32","TX","15508671.90","23143423.80"
"76406","City_6","County_6","TX","14084350.50","23135035.36"
"75916","City_16","County_16","TX","15487293.03","23120769.36"
"75025","City_25","County_25","TX","13784573.48","23105125.44"
"75664","City_64","County_14","TX","16261366.06","23080515.85"
"75333","City_33","County_33","TX","14883340.71","23080447.79"
"76450","City_50","County_0","TX","15298524.50","23075136.35"
"75846","City_46","County_46","TX","15137474.24","23072837.58"
"76220","City_20","County_20","TX","15746455.90","23069274.96"
"76227","City_27","County_27","TX","16802188.08","23069184.00"
"75631","City_31","County_31","TX","14740161.24","23068872.27"
"75029","City_29","County_29","TX","15837478.88","23061149.43"
"76257","City_57","County_7","TX","16836378.65","23059041.58"
"75258","City_58","County_8","TX","15869859.04","23055668.17"
"75931","City_31","County_31","TX","16878904.94","23032633.94"
"75331","City_31","County_31","TX","16919885.52","23004231.63"
"75966","City_66","County_16","TX","16020387.70","22988757.24"
"75967","City_67","County_17","TX","13903105.94","22963333.10"
"75956","City_56","County_6","TX","17002977.16","22942451.20"
"75082","City_82","County_32","TX","15875121.24","22933525.65"
"76043","City_43","County_43","TX","15963192.42","22855001.28"
"76119","City_19","County_19","TX","13844637.30","22844283.30"
"75158","City_58","County_8","TX","15262129.87","22824871.44"
"76151","City_51","County_1","TX","15934121.28","22820993.60"
"75419","City_19","County_19","TX","15276184.20","22820890.78"
"76312","City_12","County_12","TX","12823991.34","22799489.66"
"75592","City_92","County_42","TX","15941415.44","22796920.48"
"75008","City_8","County_8","TX","14446381.60","22794514.89"
"76045","City_45","County_45","TX","15258471.03","22794479.18"
"75837","City_37","County_37","TX","15172726.72","22777607.60"
"75286","City_86","County_36","TX","13702034.34","22772846.25"
"75768","City_68","County_18","TX","15065658.96","22771899.75"
"75619","City_19","County_19","TX","14493016.32","22749872.80"
"75277","City_77","County_27","TX","16886599.68","22746028.40"
"75144","City_44","County_44","TX","16973438.52","22733583.21"
"75415","City_15","County_15","TX","14518928.28","22721032.29"
"75680","City_80","County_30","TX","12773578.22","22707450.32"
"75441","City_41","County_41","TX","14911383.60","22699479.36"
"75239","City_39","County_39","TX","13885173.89","22693872.63"
"76397","City_97","County_47","TX","15674195.92","22676466.24"
"75481","City_81","County_31","TX","14863885.08","22647626.46"
"75915","City_15","County_15","TX","16324134.75","22638662.75"
"76111","City_11","County_11","TX","14780022.00","22634893.78"
"75704","City_4","County_4","TX","14328084.60","22623212.40"
"75602","City_2","County_2","TX","14269170.30","22604793.27"
"75983","City_83","County_33","TX","14816628.30","22598475.90"
"75491","City_91","County_41","TX","18260111.60","22596852.54"
"75753","City_53","County_3","TX","16154689.96","22596659.75"
"76216","City_16","County_16","TX","14459485.64","22583089.87"
"75283","City_83","County_33","TX","14204694.00","22563102.37"
"76107","City_7","County_7","TX","16629766.65","22559938.80"
"75827","City_27","County_27","TX","14698050.02","22529568.27"
"76135","City_35","County_35","TX","14217224.10","22525285.87"
"75213","City_13","County_13","TX","15685522.94","22523214.60"
"75185","City_85","County_35","TX","16404573.76","22515235.20"
"76082","City_82","County_32","TX","13069624.40","22495598.40"
"75576","City_76","County_26","TX","14420514.50","22493198.70"
"75686","City_86","County_36","TX","15807751.05","22486916.86"
"76473","City_73","County_23","TX","15950538.60","22485306.48"
"75666","City_66","County_16","TX","14717761.45","22481411.27"
"75921","City_21","County_21","TX","13648124.40","22479324.80"
"76311","City_11","County_11","TX","15973077.45","22477504.14"
"75690","City_90","County_40","TX","14543983.60","22466459.10"
"75762","City_62","County_12","TX","14620178.43","22465460.00"
"75048","City_48","County_48","TX","15008946.03","22442583.32"
"75636","City_36","County_36","TX","14105643.24","22435480.08"
"76338","City_38","County_38","TX","13845966.03","22432512.02"
"75351","City_51","County_1","TX","15186720.00","22427075.44"
"76475","City_75","County_25","TX","14485938.18","22425544.40"
"75243","City_43","County_43","TX","15220530.78","22343317.58"
"75395","City_95","County_45","TX","14573817.30","22333212.30"
"75878","City_78","County_28","TX","14803221.58","22310123.76"
"75165","City_65","County_15","TX","14395843.78","22302156.24"
"75012","City_12","County_12","TX","15118062.05","22277660.76"
"76264","City_64","County_14","TX","15780152.31","22265978.82"
"76219","City_19","County_19","TX","15253625.45","22258102.38"
"75187","City_87","County_37","TX","15770807.91","22241201.07"
"75108","City_8","County_8","TX","15346222.66","22236651.52"
"76341","City_41","County_41","TX","15010450.29","22227091.48"
"75672","City_72","County_22","TX","15220803.80","22220965.08"
"75544","City_44","County_44","TX","14439379.87","22201765.08"
"76023","City_23","County_23","TX","14390190.39","22195667.91"
"76214","City_14","County_14","TX","15536359.28","22185021.69"
"76210","City_10","County_10","TX","15465958.20","22174399.48"
"76371","City_71","County_21","TX","14293288.58","22151957.83"
"75303","City_3","County_3","TX","14065763.91","22146549.84"
"76027","City_27","County_27","TX","14331573.00","22131690.04"
"76374","City_74","County_24","TX","17188636.76","22122317.20"
"76140","City_40","County_40","TX","15807760.76","22071508.50"
"76480","City_80","County_30","TX","14894654.94","22063283.20"
"75706","City_6","County_6","TX","14600278.94","22056350.80"
"75964","City_64","County_14","TX","12775252.73","22037460.21"
"76038","City_38","County_38","TX","15050383.44","22025459.94"
"76077","City_77","County_27","TX","15391331.41","22015191.33"
"75164","City_64","County_14","TX","14464839.36","22003288.32"
"75710","City_10","County_10","TX","14066001.03","22002372.14"
"76325","City_25","County_25","TX","16954205.84","21976858.20"
"76183","City_83","County_33","TX","14544042.10","21970792.00"
"76225","City_25","County_25","TX","13698145.18","21958276.80"
"76402","City_2","County_2","TX","14291430.56","21941959.71"
"76422","City_22","County_22","TX","14416076.61","21932722.86"
"75780","City_80","County_30","TX","13559765.55","21932612.80"
"75020","City_20","County_20","TX","14453151.68","21932377.52"
"75276","City_76","County_26","TX","15487668.80","21929767.97"
"76357","City_57","County_7","TX","14466622.95","21927880.07"
"75362","City_62","County_12","TX","14541531.02","21908878.88"
"75640","City_40","County_40","TX","14470279.04","21906337.44"
"76376","City_76","County_26","TX","13803381.20","21901963.57"
"75842","City_42","County_42","TX","12379337.60","21872708.55"
"75380","City_80","County_30","TX","13592210.94","21829650.48"
"75175","City_75","County_25","TX","15123408.65","21808308.01"
"75191","City_91","County_41","TX","15466073.76","21784819.00"
"76209","City_9","County_9","TX","13651344.58","21776550.90"
"76484","City_84","County_34","TX","14759087.97","21765870.72"
"75363","City_63","County_13","TX","14890817.76","21748855.69"
"75484","City_84","County_34","TX","14031100.65","21741010.20"
"75775","City_75","County_25","TX","14094636.85","21732670.72"
"76487","City_87","County_37","TX","14644833.90","21721755.30"
"76130","City_30","County_30","TX","14182389.26","21659088.90"
"75007","City_7","County_7","TX","15322826.12","21629162.97"
"75500","City_0","County_0","TX","14598499.76","21609158.10"
"76449","City_49","County_49","TX","14543705.70","21593150.00"
"75575","City_75","County_25","TX","15428840.00","21590225.67"
"76490","City_90","County_40","TX","14391204.82","21577038.12"
"75473","City_73","County_23","TX","13914180.37","21568341.76"
"75412","City_12","County_12","TX","14170133.50","21564029.76"
"75101","City_1","County_1","TX","15993114.95","21562572.80"
"75928","City_28","County_28","TX","15292644.12","21561794.28"
"75203","City_3","County_3","TX","14932318.22","21556526.40"
"75141","City_41","County_41","TX","14081202.11","21546398.41"
"75398","City_98","County_48","TX","13542218.91","21539675.88"
"75805","City_5","County_5","TX","14508607.05","21538357.20"
"75447","City_47","County_47","TX","14279941.08","21532254.81"
"76072","City_72","County_22","TX","14986428.57","21531199.90"
"75059","City_59","County_9","TX","13684509.63","21531061.65"
"76042","City_42","County_42","TX","13876754.03","21523389.93"
"75593","City_93","County_43","TX","14899820.52","21521789.37"
"76396","City_96","County_46","TX","13174857.30","21515313.56"
"75973","City_73","County_23","TX","14980987.54","21507006.90"
"76329","City_29","County_29","TX","14856739.28","21503622.00"
"75279","City_79","County_29","TX","14379339.23","21495319.23"
"75875","City_75","County_25","TX","13203666.00","21458328.64"
"76116","City_16","County_16","TX","15750415.18","21449598.70"
"75864","City_64","County_14","TX","13768521.30","21441303.00"
"76044","City_44","County_44","TX","13417013.76","21423126.24"
"75675","City_75","County_25","TX","13670826.42","21411902.90"
"75834","City_34","County_34","TX","13352022.72","21411570.42"
"75087","City_87","County_37","TX","14262858.68","21403869.06"
"75159","City_59","County_9","TX","13818703.22","21396237.06"
"75506","City_6","County_6","TX","14750329.77","21382373.61"
"75784","City_84","County_34","TX","13202577.17","21370392.81"
"75598","City_98","County_48","TX","14398535.58","21357284.15"
"76352","City_52","County_2","TX","14531982.36","21354384.80"
"75639","City_39","County_39","TX","13249748.44","21335571.25"
"76063","City_63","County_13","TX","13130989.17","21333286.50"
"75583","City_83","County_33","TX","13359499.80","21322236.78"
"76217","City_17","County_17","TX","13879872.90","21301699.20"
"76047","City_47","County_47","TX","15036102.64","21289968.00"
"75812","City_12","County_12","TX","14057141.90","21278898.63"
"76343","City_43","County_43","TX","13806825.28","21274846.08"
"75167","City_67","County_17","TX","13924460.40","21259565.95"
"75016","City_16","County_16","TX","13578821.58","21258283.17"
"76035","City_35","County_35","TX","12903686.73","21242181.77"
"75197","City_97","County_47","TX","13436358.84","21235534.70"
"75954","City_54","County_4","TX","14275056.60","21232523.55"
"75360","City_60","County_10","TX","14884820.16","21229723.18"
"75065","City_65","County_15","TX","14840861.10","21216180.00"
"76383","City_83","County_33","TX","13522787.95","21209858.88"
"76207","City_7","County_7","TX","13723030.40","21206018.00"
"75558","City_58","County_8","TX","14321178.90","21182283.20"
"75046","City_46","County_46","TX","14531412.70","21177262.44"
"76050","City_50","County_0","TX","13828114.41","21170774.88"
"75499","City_99","County_49","TX","13587649.86","21165883.86"
"75079","City_79","County_29","TX","12753415.29","21162320.52"
"75269","City_69","County_19","TX","14539022.10","21159202.40"
"75628","City_28","County_28","TX","13307345.68","21144518.08"
"75516","City_16","County_16","TX","13464340.29","21132375.88"
"75465","City_65","County_15","TX","14414946.84","21114482.34"
"75027","City_27","County_27","TX","14470840.41","21109595.10"
"75714","City_14","County_14","TX","14630285.60","21069215.16"
"76084","City_84","County_34","TX","13516460.10","21061609.45"
"75413","City_13","County_13","TX","14543444.59","21052818.24"
"75838","City_38","County_38","TX","15035637.08","21049584.15"
"75912","City_12","County_12","TX","14853556.00","21033556.42"
"75929","City_29","County_29","TX","14702975.04","21033162.60"
"75215","City_15","County_15","TX","12728102.08","21026195.75"
"76254","City_54","County_4","TX","14713910.06","21022468.80"
"75962","City_62","County_12","TX","13800933.54","21011468.82"
"76389","City_89","County_39","TX","13060203.30","21010765.98"
"75297","City_97","County_47","TX","15037705.82","20988019.08"
"75555","City_55","County_5","TX","13760125.17","20987470.36"
"75083","City_83","County_33","TX","13463515.50","20986203.81"
"75534","City_34","County_34","TX","12021010.42","20976400.17"
"75737","City_37","County_37","TX","15148528.96","20967116.00"
"75376","City_76","County_26","TX","13305535.62","20957225.96"
"75643","City_43","County_43","TX","16826184.86","20952658.35"
"76405","City_5","County_5","TX","14124844.34","20945271.83"
"75274","City_74","County_24","TX","13270168.51","20923113.78"
"75951","City_51","County_1","TX","15413614.40","20915753.40"
"75093","City_93","County_43","TX","13443395.66","20914937.48"
"75574","City_74","County_24","TX","14537077.62","20896152.33"
"75150","City_50","County_0","TX","15146545.05","20883073.75"
"75743","City_43","County_43","TX","15761194.84","20881875.60"
"76455","City_55","County_5","TX","13969224.40","20879521.76"
"76385","City_85","County_35","TX","15090541.00","20874969.72"
"75249","City_49","County_49","TX","15127060.62","20874626.01"
"75255","City_55","County_5","TX","14717284.00","20872191.60"
"76215","City_15","County_15","TX","14672957.20","20853607.74"
"75858","City_58","County_8","TX","12968475.63","20846039.54"
"76213","City_13","County_13","TX","14281008.30","20823280.32"
"75623","City_23","County_23","TX","14346954.90","20802841.41"
"75071","City_71","County_21","TX","14065232.28","20792428.65"
"75877","City_77","County_27","TX","13645121.06","20781485.12"
"75979","City_79","County_29","TX","13908177.57","20780935.60"
"76309","City_9","County_9","TX","12650065.64","20763099.30"
"75291","City_91","County_41","TX","13475925.00","20762366.70"
"76319","City_19","County_19","TX","13892441.68","20747244.60"
"76408","City_8","County_8","TX","13967331.48","20741931.60"
"75076","City_76","County_26","TX","13453060.17","20729444.02"
"75777","City_77","County_27","TX","12689439.54","20722112.00"
"76421","City_21","County_21","TX","14708778.56","20720277.93"
"76323","City_23","County_23","TX","14055603.87","20714250.96"
"75610","City_10","County_10","TX","11946844.48","20709927.34"
"76263","City_63","County_13","TX","13171048.18","20700677.91"
"75685","City_85","County_35","TX","14820637.26","20698464.89"
"75771","City_71","County_21","TX","15182483.16","20695984.00"
"75700","City_0","County_0","TX","12933116.66","20680027.28"
"76470","City_70","County_20","TX","14181813.20","20671537.60"
"76098","City_98","County_48","TX","13758893.12","20670464.50"
"75028","City_28","County_28","TX","13182534.06","20661483.39"
"75296","City_96","County_46","TX","14048008.20","20649036.40"
"75507","City_7","County_7","TX","15820533.72","20636591.15"
"76479","City_79","County_29","TX","13966065.36","20630722.67"
"75193","City_93","County_43","TX","12755009.56","20617036.80"
"75272","City_72","County_22","TX","13812517.62","20616127.00"
"75823","City_23","County_23","TX","14639270.00","20608289.40"
"75421","City_21","County_21","TX","13632357.57","20599681.36"
"75058","City_58","County_8","TX","15056189.46","20575441.28"
"75620","City_20","County_20","TX","12916813.44","20571209.72"
"75681","City_81","County_31","TX","14637437.17","20547098.22"
"75744","City_44","County_44","TX","13570294.40","20542782.75"
"75788","City_88","County_38","TX","14327545.95","20521197.06"
"75436","City_36","County_36","TX","13253910.60","20515819.62"
"76440","City_40","County_40","TX","12793399.01","20509991.33"
"75257","City_57","County_7","TX","11989856.90","20508783.46"
"75382","City_82","County_32","TX","12771290.80","20508291.92"
"75475","City_75","County_25","TX","13028849.92","20507354.32"
"75123","City_23","County_23","TX","13139399.70","20487552.84"
"75644","City_44","County_44","TX","14718622.80","20483390.73"
"75103","City_3","County_3","TX","13446039.16","20466557.38"
"76342","City_42","County_42","TX","13911862.08","20461071.75"
"75356","City_56","County_6","TX","15936281.16","20459869.58"
"76327","City_27","County_27","TX","13968826.61","20457318.24"
"75803","City_3","County_3","TX","14743608.32","20453059.06"
"75370","City_70","County_20","TX","14099879.20","20419898.56"
"75611","City_11","County_11","TX","13790511.22","20418873.60"
"76134","City_34","County_34","TX","13948754.11","20412312.18"
"76272","City_72","County_22","TX","13633028.64","20404299.96"
"75512","City_12","County_12","TX","14571218.40","20396431.38"
"75965","City_65","County_15","TX","15439279.44","20393870.70"
"76094","City_94","County_44","TX","13754465.34","20388222.03"
"76310","City_10","County_10","TX","14314719.36","20386385.43"
"75349","City_49","County_49","TX","14352588.99","20381244.24"
"75998","City_98","County_48","TX","12943600.45","20380206.74"
"75355","City_55","County_5","TX","13082075.75","20350523.60"
"76258","City_58","County_8","TX","12837520.44","20339483.70"
"75000","City_0","County_0","TX","12985230.54","20329685.60"
"76160","City_60","County_10","TX","14537047.84","20320258.00"
"75622","City_22","County_22","TX","13835085.17","20315466.00"
"75030","City_30","County_30","TX","15017205.91","20306527.88"
"75178","City_78","County_28","TX","13145633.18","20303664.96"
"75730","City_30","County_30","TX","12881554.72","20285732.48"
"75656","City_56","County_6","TX","11988915.75","20254374.00"
"75162","City_62","County_12","TX","11907462.00","20254341.60"
"75250","City_50","County_0","TX","13215849.57","20251232.10"
"75651","City_51","County_1","TX","14005253.14","20248778.55"
"76364","City_64","County_14","TX","14046682.52","20235772.97"
"75368","City_68","County_18","TX","12967170.54","20230714.50"
"75098","City_98","County_48","TX","12820525.85","20224193.85"
"75800","City_0","County_0","TX","12241016.64","20217051.20"
"75881","City_81","County_31","TX","13432453.58","20212486.27"
"76350","City_50","County_0","TX","14024885.44","20202738.48"
"75460","City_60","County_10","TX","14353826.92","20200981.85"
"75260","City_60","County_10","TX","13749749.16","20199799.71"
"76159","City_59","County_9","TX","13729769.18","20179245.37"
"75432","City_32","County_32","TX","13443534.93","20167910.10"
"75341","City_41","County_41","TX","13560829.34","20167104.60"
"76161","City_61","County_11","TX","14392653.34","20163425.86"
"75324","City_24","County_24","TX","14469882.30","20158135.64"
"76229","City_29","County_29","TX","12996560.50","20147850.66"
"76221","City_21","County_21","TX","10674400.32","20146221.90"
"75305","City_5","County_5","TX","12859554.23","20144751.38"
"76482","City_82","County_32","TX","13540758.00","20113463.68"
"75354","City_54","County_4","TX","13358356.48","20109749.22"
"75086","City_86","County_36","TX","12943579.60","20109469.05"
"76071","City_71","County_21","TX","14309901.90","20107168.00"
"76268","City_68","County_18","TX","13301643.20","20095732.98"
"75778","City_78","County_28","TX","14295133.74","20094629.68"
"75755","City_55","County_5","TX","13753766.17","20084413.30"
"75344","City_44","County_44","TX","12177358.70","20073865.11"
"76157","City_57","County_7","TX","13382518.34","20072806.73"
"76446","City_46","County_46","TX","13436007.12","20064759.04"
"75110","City_10","County_10","TX","13339442.36","20026776.33"
"76147","City_47","County_47","TX","12543881.56","20022918.15"
"76061","City_61","County_11","TX","14681212.30","20020590.69"
"75698","City_98","County_48","TX","14218841.34","20012561.10"
"75216","City_16","County_16","TX","14470797.66","20009633.42"
"76332","City_32","County_32","TX","13521299.68","19966262.82"
"75920","City_20","County_20","TX","14332297.28","19946002.68"
"76244","City_44","County_44","TX","13762458.06","19930759.56"
"76359","City_59","County_9","TX","12453281.01","19916660.79"
"76126","City_26","County_26","TX","13064533.98","19915433.65"
"75515","City_15","County_15","TX","13873174.26","19908352.80"
"76432","City_32","County_32","TX","13595599.04","19907075.59"
"75746","City_46","County_46","TX","13913122.14","19903020.02"
"75478","City_78","County_28","TX","13723764.60","19898443.74"
"76367","City_67","County_17","TX","13727981.44","19884223.67"
"75100","City_0","County_0","TX","13043800.12","19878600.72"
"75662","City_62","County_12","TX","14946955.98","19877210.50"
"75125","City_25","County_25","TX","13482945.84","19853292.00"
"75456","City_56","County_6","TX","13520817.92","19848060.32"
"76284","City_84","County_34","TX","13112617.92","19824269.84"
"75861","City_61","County_11","TX","14093178.96","19823448.84"
"75521","City_21","County_21","TX","13131828.85","19790015.29"
"75105","City_5","County_5","TX","12346992.00","19784752.92"
"75935","City_35","County_35","TX","13643570.08","19781823.36"
"76409","City_9","County_9","TX","12701521.28","19766767.36"
"75532","City_32","County_32","TX","13106764.00","19755000.16"
"75315","City_15","County_15","TX","13141859.43","19747152.21"
"76170","City_70","County_20","TX","12097762.20","19742984.00"
"75703","City_3","County_3","TX","13556018.54","19738188.00"
"75936","City_36","County_36","TX","14830047.72","19737237.66"
"75337","City_37","County_37","TX","13826766.16","19728990.84"
"75080","City_80","County_30","TX","11879290.59","19723572.05"
"76018","City_18","County_18","TX","13155147.20","19712132.06"
"75218","City_18","County_18","TX","12781812.96","19708619.20"
"75088","City_88","County_38","TX","13190888.20","19697049.66"
"76014","City_14","County_14","TX","12650219.68","19692713.87"
"75198","City_98","County_48","TX","14301178.56","19688974.72"
"75688","City_88","County_38","TX","12842157.65","19663664.65"
"76060","City_60","County_10","TX","12396296.92","19659730.54"
"75417","City_17","County_17","TX","13377768.69","19658725.35"
"75953","City_53","County_3","TX","12559144.00","19652247.44"
"75055","City_55","County_5","TX","12704081.88","19651869.00"
"75181","City_81","County_31","TX","15055805.80","19639200.08"
"75397","City_97","County_47","TX","12042292.64","19628698.32"
"76382","City_82","County_32","TX","12565425.25","19628665.56"
"76294","City_94","County_44","TX","13979703.34","19628349.05"
"76185","City_85","County_35","TX","13983569.16","19582123.75"
"75177","City_77","County_27","TX","13884872.64","19577682.34"
"76423","City_23","County_23","TX","12841207.72","19569990.99"
"75609","City_9","County_9","TX","14500510.36","19565199.59"
"75049","City_49","County_49","TX","13654405.71","19557371.20"
"75635","City_35","County_35","TX","12587409.94","19553251.48"
"75960","City_60","County_10","TX","12847498.56","19551187.81"
"75845","City_45","County_45","TX","13262825.80","19550540.60"
"75340","City_40","County_40","TX","11795249.06","19548421.50"
"75851","City_51","County_1","TX","14263956.21","19547185.78"
"75490","City_90","County_40","TX","13118575.97","19532282.04"
"75808","City_8","County_8","TX","12511837.20","19523077.20"
"75247","City_47","County_47","TX","12618360.84","19520760.45"
"75786","City_86","County_36","TX","12859688.37","19519694.10"
"76031","City_31","County_31","TX","13086390.57","19514155.20"
"75939","City_39","County_39","TX","13312406.52","19503199.50"
"75880","City_80","County_30","TX","12310766.65","19497423.68"
"76121","City_21","County_21","TX","13882415.91","19487828.62"
"76197","City_97","County_47","TX","12664174.14","19457654.06"
"76184","City_84","County_34","TX","13711506.99","19442660.10"
"76240","City_40","County_40","TX","12598963.60","19435842.27"
"76105","City_5","County_5","TX","12696008.64","19426803.52"
"75539","City_39","County_39","TX","14317928.10","19424854.02"
"76226","City_26","County_26","TX","11348324.66","19404557.37"
"75474","City_74","County_24","TX","13212420.48","19399611.78"
"76333","City_33","County_33","TX","12233119.01","19396482.48"
"75545","City_45","County_45","TX","13592595.45","19385562.56"
"75587","City_87","County_37","TX","13697493.30","19368824.70"
"76318","City_18","County_18","TX","12769113.00","19368294.54"
"75852","City_52","County_2","TX","15009928.08","19364994.00"
"75320","City_20","County_20","TX","12378125.70","19363545.95"
"76415","City_15","County_15","TX","13237465.50","19343580.25"
"75180","City_80","County_30","TX","12807139.30","19332922.50"
"75940","City_40","County_40","TX","13528106.54","19324773.16"
"75129","City_29","County_29","TX","11848033.81","19320548.76"
"76448","City_48","County_48","TX","13572883.52","19309069.85"
"76322","City_22","County_22","TX","12204231.38","19305578.34"
"75537","City_37","County_37","TX","14273081.10","19304143.64"
"76253","City_53","County_3","TX","12170036.97","19286569.78"
"75556","City_56","County_6","TX","11366370.72","19282483.92"
"76313","City_13","County_13","TX","12948819.12","19275833.39"
"75826","City_26","County_26","TX","11825940.24","19259860.48"
"76086","City_86","County_36","TX","12762982.10","19257932.10"
"76003","City_3","County_3","TX","12018983.76","19255573.12"
"76139","City_39","County_39","TX","12911250.88","19250750.13"
"75937","City_37","County_37","TX","11800892.70","19250729.96"
"76145","City_45","County_45","TX","12499667.64","19239164.70"
"75238","City_38","County_38","TX","13446060.98","19228247.70"
"75418","City_18","County_18","TX","11373688.06","19224258.58"
"75275","City_75","County_25","TX","12246035.90","19222505.00"
"76156","City_56","County_6","TX","12753668.70","19220844.24"
"76299","City_99","County_49","TX","13586820.80","19210863.56"
"75785","City_85","County_35","TX","13448595.72","19201625.56"
"75729","City_29","County_29","TX","13392792.30","19198886.71"
"76013","City_13","County_13","TX","13314011.04","19196206.50"
"75176","City_76","County_26","TX","13917106.24","19185354.08"
"75391","City_91","County_41","TX","13496946.88","19184313.06"
"76476","City_76","County_26","TX","14359846.00","19170952.08"
"76123","City_23","County_23","TX","12079918.04","19166699.16"
"76461","City_61","County_11","TX","13742890.86","19158099.39"
"75793","City_93","County_43","TX","12412422.68","19157580.30"
"76495","City_95","County_45","TX","13630908.48","19149645.90"
"76009","City_9","County_9","TX","13238670.60","19147675.20"
"75166","City_66","County_16","TX","12924501.48","19136722.10"
"75242","City_42","County_42","TX","12472800.25","19125424.16"
"76054","City_54","County_4","TX","13388339.83","19117995.84"
"75726","City_26","County_26","TX","11723420.80","19111942.80"
"75192","City_92","County_42","TX","12506652.16","19107831.77"
"75463","City_63","County_13","TX","13293632.00","19100199.03"
"75327","City_27","County_27","TX","12945399.30","19096802.10"
"75289","City_89","County_39","TX","11906372.53","19094670.00"
"75862","City_62","County_12","TX","12266901.48","19082010.01"
"75204","City_4","County_4","TX","12736204.64","19077621.12"
"75138","City_38","County_38","TX","13747245.93","19077571.10"
"75036","City_36","County_36","TX","12980632.00","19074775.20"
"75767","City_67","County_17","TX","12972248.40","19068939.75"
"75365","City_65","County_15","TX","12202964.31","19062331.20"
"75565","City_65","County_15","TX","12975793.07","19039997.85"
"75604","City_4","County_4","TX","12832505.02","19028593.36"
"75815","City_15","County_15","TX","12009123.90","19016911.28"
"75151","City_51","County_1","TX","12932956.75","19008231.87"
"76436","City_36","County_36","TX","13034980.80","18985294.97"
"75488","City_88","County_38","TX","14803800.00","18977308.56"
"75850","City_50","County_0","TX","13332954.60","18971698.56"
"75281","City_81","County_31","TX","12667686.75","18966695.76"
"75041","City_41","County_41","TX","13319117.45","18965055.50"
"75182","City_82","County_32","TX","12708346.88","18961849.28"
"75526","City_26","County_26","TX","12611636.80","18952341.80"
"75450","City_50","County_0","TX","12910706.33","18935023.64"
"76005","City_5","County_5","TX","12089668.16","18928174.65"
"76176","City_76","County_26","TX","12646636.24","18923567.49"
"76315","City_15","County_15","TX","13148609.25","18912079.36"
"75284","City_84","County_34","TX","13254758.70","18911461.09"
"75564","City_64","County_14","TX","13318524.05","18905043.82"
"75319","City_19","County_19","TX","12320922.25","18903953.70"
"76117","City_17","County_17","TX","12741117.22","18900266.70"
"75126","City_26","County_26","TX","12589035.84","18897157.44"
"75343","City_43","County_43","TX","11456127.60","18892034.04"
"75853","City_53","County_3","TX","11816892.79","18868827.97"
"75493","City_93","County_43","TX","13779838.08","18859693.38"
"76366","City_66","County_16","TX","12266582.16","18856194.24"
"75617","City_17","County_17","TX","12998398.56","18855752.78"
"76143","City_43","County_43","TX","12620602.20","18849862.85"
"76305","City_5","County_5","TX","12804138.60","18849171.18"
"75657","City_57","County_7","TX","12871754.80","18845479.80"
"76074","City_74","County_24","TX","12855995.74","18825071.04"
"76152","City_52","County_2","TX","12224093.84","18821239.92"
"76075","City_75","County_25","TX","11756169.68","18821138.16"
"75385","City_85","County_35","TX","12626493.00","18815218.52"
"75378","City_78","County_28","TX","12799489.50","18814397.76"
"75089","City_89","County_39","TX","13147232.96","18809844.48"
"75634","City_34","County_34","TX","12620172.00","18808988.90"
"76205","City_5","County_5","TX","11870417.16","18805997.28"
"75014","City_14","County_14","TX","12047100.03","18789152.40"
"75405","City_5","County_5","TX","12645528.60","18787957.54"
"76166","City_66","County_16","TX","10990594.08","18777845.58"
"75287","City_87","County_37","TX","12719604.42","18758439.54"
"76335","City_35","County_35","TX","11627897.05","18752906.90"
"76471","City_71","County_21","TX","12010092.60","18739687.23"
"75986","City_86","County_36","TX","12829999.20","18722144.30"
"75142","City_42","County_42","TX","11387826.56","18706780.12"
"75062","City_62","County_12","TX","13399785.00","18645088.88"
"75043","City_43","County_43","TX","11391236.83","18637465.77"
"75847","City_47","County_47","TX","12510715.84","18605892.36"
"75809","City_9","County_9","TX","11886474.80","18601215.09"
"75554","City_54","County_4","TX","11028483.66","18590998.04"
"75596","City_96","County_46","TX","11419739.91","18561422.88"
"75508","City_8","County_8","TX","13236487.50","18548973.02"
"76011","City_11","County_11","TX","12329855.85","18541861.20"
"76433","City_33","County_33","TX","13132451.10","18539474.45"
"75090","City_90","County_40","TX","12999002.24","18532278.57"
"75068","City_68","County_18","TX","11444536.96","18526056.66"
"75461","City_61","County_11","TX","12819712.72","18521731.54"
"75121","City_21","County_21","TX","11718944.49","18511487.40"
"76067","City_67","County_17","TX","13620777.00","18509061.90"
"75719","City_19","County_19","TX","11972187.84","18501941.70"
"75235","City_35","County_35","TX","12485677.80","18500733.14"
"75226","City_26","County_26","TX","12765134.16","18496500.84"
"76469","City_69","County_19","TX","11308515.30","18491912.28"
"76138","City_38","County_38","TX","12002099.40","18469352.84"
"75136","City_36","County_36","TX","11603816.64","18468499.84"
"75171","City_71","County_21","TX","12763550.10","18461515.45"
"75573","City_73","County_23","TX","12805980.48","18460635.84"
"76399","City_99","County_49","TX","11475496.55","18457318.32"
"75603","City_3","County_3","TX","11235905.34","18454285.12"
"76380","City_80","County_30","TX","12860437.42","18452330.16"
"75519","City_19","County_19","TX","13372167.20","18451806.76"
"75383","City_83","County_33","TX","12388000.50","18437724.56"
"75505","City_5","County_5","TX","11486441.28","18430393.42"
"75789","City_89","County_39","TX","11924006.47","18423551.41"
"75134","City_34","County_34","TX","13447026.94","18419288.22"
"75765","City_65","County_15","TX","12266967.34","18418553.16"
"75115","City_15","County_15","TX","12612574.80","18416449.42"
"76212","City_12","County_12","TX","12525926.08","18415816.65"
"75722","City_22","County_22","TX","12859292.66","18401290.50"
"75599","City_99","County_49","TX","11405799.72","18367529.04"
"75116","City_16","County_16","TX","10671854.33","18353462.72"
"75952","City_52","County_2","TX","11644311.04","18352273.50"
"76362","City_62","County_12","TX","12242675.20","18346243.50"
"75668","City_68","County_18","TX","13817751.84","18345530.02"
"76092","City_92","County_42","TX","11863655.10","18342439.36"
"75578","City_78","County_28","TX","14327602.38","18338867.64"
"75384","City_84","County_34","TX","13382833.92","18338735.61"
"76346","City_46","County_46","TX","13148805.96","18338150.32"
"75991","City_91","County_41","TX","13457291.60","18337047.03"
"75179","City_79","County_29","TX","12582015.00","18334148.04"
"75006","City_6","County_6","TX","13182396.48","18319381.80"
"76388","City_88","County_38","TX","10892991.66","18314285.76"
"75741","City_41","County_41","TX","13065371.19","18287520.00"
"75127","City_27","County_27","TX","13265585.10","18277633.11"
"75642","City_42","County_42","TX","10908183.83","18262440.00"
"76065","City_65","County_15","TX","12298089.30","18236850.06"
"76125","City_25","County_25","TX","9833943.36","18236708.10"
"75897","City_97","County_47","TX","10042652.34","18219526.82"
"75268","City_68","County_18","TX","13038429.69","18218684.22"
"76468","City_68","County_18","TX","12720509.42","18214814.46"
"75045","City_45","County_45","TX","12275795.09","18204302.72"
"75504","City_4","County_4","TX","12805132.08","18194559.39"
"76307","City_7","County_7","TX","11036421.25","18191048.02"
"76345","City_45","County_45","TX","11999204.72","18186836.48"
"76438","City_38","County_38","TX","12379640.00","18184562.42"
"75723","City_23","County_23","TX","11288500.80","18184032.48"
"75865","City_65","County_15","TX","10744304.76","18180111.84"
"75301","City_1","County_1","TX","12407048.72","18163544.36"
"75225","City_25","County_25","TX","11579095.50","18158261.44"
"75990","City_90","County_40","TX","10979527.68","18155381.56"
"75455","City_55","County_5","TX","12500909.36","18148641.00"
"75795","City_95","County_45","TX","12212983.82","18122118.72"
"75540","City_40","County_40","TX","12363914.16","18118285.08"
"76090","City_90","County_40","TX","11080792.14","18113902.86"
"75357","City_57","County_7","TX","13534519.71","18095691.38"
"75379","City_79","County_29","TX","12914623.54","18083216.76"
"76486","City_86","County_36","TX","11388537.89","18060276.05"
"76269","City_69","County_19","TX","11392749.22","18049631.00"
"75336","City_36","County_36","TX","12350401.92","18019924.59"
"75154","City_54","County_4","TX","12166519.04","18002968.92"
"75814","City_14","County_14","TX","12526505.42","17998761.26"
"76236","City_36","County_36","TX","11701696.05","17982853.98"
"76267","City_67","County_17","TX","12623501.88","17971652.93"
"76015","City_15","County_15","TX","12139705.71","17966031.60"
"75348","City_48","County_48","TX","12839865.28","17959025.04"
"76275","City_75","County_25","TX","11783146.44","17950342.32"
"75282","City_82","County_32","TX","12397987.44","17937402.56"
"75872","City_72","County_22","TX","12464129.32","17933386.23"
"75971","City_71","County_21","TX","11918452.35","17923632.90"
"75569","City_69","County_19","TX","10900317.34","17916858.54"
"76103","City_3","County_3","TX","11438651.00","17913202.23"
"76049","City_49","County_49","TX","12525583.60","17908219.25"
"75945","City_45","County_45","TX","13916880.45","17900297.25"
"75160","City_60","County_10","TX","11294680.95","17885403.48"
"75253","City_53","County_3","TX","12771722.86","17881450.00"
"76324","City_24","County_24","TX","13236061.01","17874791.78"
"75888","City_88","County_38","TX","11178731.21","17869160.40"
"75480","City_80","County_30","TX","13838204.10","17855025.25"
"76304","City_4","County_4","TX","13091515.14","17850534.14"
"75112","City_12","County_12","TX","11875278.00","17847269.66"
"76485","City_85","County_35","TX","11390504.32","17832872.40"
"75796","City_96","County_46","TX","13398800.98","17819290.28"
"75898","City_98","County_48","TX","11557864.00","17817523.50"
"75485","City_85","County_35","TX","12954139.11","17813495.92"
"75386","City_86","County_36","TX","11755013.69","17802152.69"
"75377","City_77","County_27","TX","12698736.40","17801876.40"
"75828","City_28","County_28","TX","11905374.04","17798294.40"
"76223","City_23","County_23","TX","10910065.76","17776424.53"
"75073","City_73","County_23","TX","12867417.45","17773067.20"
"75429","City_29","County_29","TX","12092883.88","17768239.52"
"76052","City_52","County_2","TX","11212127.85","17764502.04"
"75756","City_56","County_6","TX","11151306.95","17754514.74"
"75229","City_29","County_29","TX","12259923.84","17748361.92"
"75529","City_29","County_29","TX","13074254.08","17744512.96"
"75358","City_58","County_8","TX","11249939.54","17730282.18"
"75713","City_13","County_13","TX","11512824.30","17730175.98"
"75135","City_35","County_35","TX","10550012.58","17727770.95"
"75411","City_11","County_11","TX","12511566.86","17724315.60"
"76356","City_56","County_6","TX","13072510.80","17719059.45"
"76081","City_81","County_31","TX","11386210.11","17717155.96"
"75310","City_10","County_10","TX","11535821.92","17707539.32"
"76401","City_1","County_1","TX","11221898.40","17702702.25"
"75944","City_44","County_44","TX","13618329.90","17697379.32"
"75863","City_63","County_13","TX","11913597.92","17684858.26"
"76447","City_47","County_47","TX","11635144.44","17683882.42"
"75759","City_59","County_9","TX","12508832.97","17673122.88"
"76193","City_93","County_43","TX","11182125.44","17672236.20"
"75153","City_53","County_3","TX","11377820.80","17664842.79"
"75699","City_99","County_49","TX","12982545.72","17660917.50"
"75332","City_32","County_32","TX","11272501.80","17625899.55"
"75832","City_32","County_32","TX","12216934.15","17614748.76"
"76174","City_74","County_24","TX","11698395.60","17607204.80"
"75369","City_69","County_19","TX","10384654.04","17577459.00"
"76241","City_41","County_41","TX","11271563.68","17573191.65"
"75290","City_90","County_40","TX","11995894.66","17569090.00"
"76390","City_90","County_40","TX","13283058.60","17560734.30"
"76195","City_95","County_45","TX","12615619.17","17557907.10"
"75833","City_33","County_33","TX","12154706.61","17546144.96"
"76259","City_59","County_9","TX","12868150.40","17538103.38"
"76387","City_87","County_37","TX","11758352.10","17535420.14"
"75868","City_68","County_18","TX","12972523.20","17528877.76"
"76025","City_25","County_25","TX","12619873.70","17513564.80"
"75801","City_1","County_1","TX","11674350.10","17504405.80"
"75265","City_65","County_15","TX","12195469.11","17489731.28"
"75131","City_31","County_31","TX","12176902.08","17482441.92"
"75069","City_69","County_19","TX","11764973.76","17481132.43"
"76365","City_65","County_15","TX","11059942.25","17467418.08"
"76496","City_96","County_46","TX","10481266.36","17457621.39"
"75873","City_73","County_23","TX","11096786.91","17450212.20"
"76393","City_93","County_43","TX","11986644.60","17447334.80"
"75542","City_42","County_42","TX","10920210.78","17444057.96"
"76110","City_10","County_10","TX","12427581.04","17432415.40"
"75725","City_25","County_25","TX","10499384.11","17432350.66"
"75849","City_49","County_49","TX","12189749.55","17424021.90"
"76200","City_0","County_0","TX","10444569.20","17423416.08"
"75669","City_69","County_19","TX","11472661.48","17418618.54"
"75402","City_2","County_2","TX","11016734.94","17410636.80"
"75157","City_57","County_7","TX","11921060.23","17404983.30"
"76024","City_24","County_24","TX","11510535.14","17404643.72"
"75077","City_77","County_27","TX","11141074.71","17362082.56"
"75693","City_93","County_43","TX","11377073.88","17361591.82"
"76386","City_86","County_36","TX","12395518.25","17357884.32"
"76434","City_34","County_34","TX","11889199.92","17355505.25"
"75566","City_66","County_16","TX","11939311.14","17354619.60"
"76057","City_57","County_7","TX","10501030.50","17352849.36"
"75613","City_13","County_13","TX","10493322.84","17336435.40"
"75824","City_24","County_24","TX","12574803.97","17323063.92"
"75836","City_36","County_36","TX","11828682.65","17313883.60"
"75501","City_1","County_1","TX","11708580.45","17287990.44"
"75663","City_63","County_13","TX","10450338.88","17279487.02"
"75974","City_74","County_24","TX","12260283.36","17264474.17"
"75102","City_2","County_2","TX","11465238.26","17262729.66"
"75641","City_41","County_41","TX","11972607.36","17262387.72"
"76458","City_58","County_8","TX","10333845.21","17249750.70"
"76189","City_89","County_39","TX","12136426.56","17247548.64"
"75533","City_33","County_33","TX","10950962.86","17241676.80"
"75989","City_89","County_39","TX","11838578.73","17241135.30"
"76169","City_69","County_19","TX","11421274.68","17221932.50"
"75835","City_35","County_35","TX","11920858.60","17218567.98"
"75445","City_45","County_45","TX","10583992.65","17196406.11"
"75525","City_25","County_25","TX","12442156.80","17186463.24"
"75779","City_79","County_29","TX","11115127.80","17185580.73"
"75338","City_38","County_38","TX","11743072.64","17185378.50"
"76435","City_35","County_35","TX","11248221.25","17184644.91"
"75245","City_45","County_45","TX","10337989.20","17183754.00"
"76314","City_14","County_14","TX","11288010.69","17180325.68"
"75366","City_66","County_16","TX","11081640.50","17177187.72"
"76179","City_79","County_29","TX","11062045.50","17173650.88"
"75531","City_31","County_31","TX","12126686.92","17172166.18"
"75958","City_58","County_8","TX","13024901.75","17153969.97"
"75241","City_41","County_41","TX","12284609.75","17141284.33"
"75502","City_2","County_2","TX","11478835.31","17117066.95"
"75442","City_42","County_42","TX","12906624.36","17112037.64"
"76039","City_39","County_39","TX","10951508.07","17111713.12"
"75414","City_14","County_14","TX","11042186.10","17109195.04"
"76146","City_46","County_46","TX","10873494.58","17106059.16"
"75923","City_23","County_23","TX","12462626.24","17095257.00"
"75091","City_91","County_41","TX","10659766.93","17093792.06"
"75266","City_66","County_16","TX","10545767.00","17093041.00"
"75111","City_11","County_11","TX","10961989.35","17092435.05"
"75251","City_51","County_1","TX","11357745.59","17090380.80"
"75170","City_70","County_20","TX","10755959.66","17088849.12"
"76104","City_4","County_4","TX","10894909.20","17069945.13"
"75563","City_63","County_13","TX","10805451.76","17062893.27"
"75092","City_92","County_42","TX","11337812.64","17061205.78"
"75222","City_22","County_22","TX","11341888.30","17055776.38"
"75352","City_52","County_2","TX","12897336.51","17055091.03"
"75042","City_42","County_42","TX","9967703.68","17045575.68"
"75702","City_2","County_2","TX","12824581.38","17042647.83"
"76100","City_0","County_0","TX","9829347.58","17037434.34"
"75950","City_50","County_0","TX","12045167.91","17032245.89"
"75479","City_79","County_29","TX","13255114.32","17010912.80"
"75612","City_12","County_12","TX","10610510.72","16996145.28"
"75457","City_57","County_7","TX","11374745.22","16993128.26"
"76477","City_77","County_27","TX","10790232.00","16974886.52"
"75825","City_25","County_25","TX","10742640.81","16953211.44"
"75614","City_14","County_14","TX","13081089.77","16939407.31"
"75817","City_17","County_17","TX","10662053.82","16932443.15"
"76237","City_37","County_37","TX","11265522.66","16903633.46"
"76320","City_20","County_20","TX","11408252.03","16903559.72"
"76194","City_94","County_44","TX","11433796.34","16899512.67"
"75161","City_61","County_11","TX","11010502.20","16896816.72"
"75035","City_35","County_35","TX","11188161.33","16882622.94"
"75633","City_33","County_33","TX","10508308.65","16860274.60"
"75724","City_24","County_24","TX","11278500.22","16851825.01"
"75601","City_1","County_1","TX","11366250.60","16843665.90"
"76445","City_45","County_45","TX","11789324.16","16823666.83"
"75256","City_56","County_6","TX","10361513.52","16822677.04"
"75261","City_61","County_11","TX","10376764.70","16805738.25"
"76136","City_36","County_36","TX","11011789.60","16803282.50"
"76062","City_62","County_12","TX","9184862.52","16799145.36"
"75205","City_5","County_5","TX","10401473.16","16785301.25"
"75240","City_40","County_40","TX","9959791.20","16775634.64"
"76278","City_78","County_28","TX","10677678.96","16762459.56"
"75133","City_33","County_33","TX","10092311.70","16761401.40"
"75487","City_87","County_37","TX","10899487.75","16760900.10"
"75221","City_21","County_21","TX","10317665.82","16747027.08"
"75173","City_73","County_23","TX","11331621.24","16738593.04"
"75848","City_48","County_48","TX","12146250.90","16724034.32"
"75302","City_2","County_2","TX","10808544.30","16709200.96"
"75740","City_40","County_40","TX","12072857.72","16705296.72"
"75424","City_24","County_24","TX","11431306.32","16703879.38"
"75749","City_49","County_49","TX","11644698.24","16688679.77"
"75477","City_77","County_27","TX","11462835.45","16687495.60"
"75541","City_41","County_41","TX","11472334.30","16686205.39"
"75210","City_10","County_10","TX","9899412.16","16671240.60"
"76010","City_10","County_10","TX","11011842.93","16667216.11"
"75764","City_64","County_14","TX","11266880.45","16651823.13"
"75195","City_95","County_45","TX","11442538.14","16645448.96"
"75394","City_94","County_44","TX","10714747.62","16633236.23"
"75464","City_64","County_14","TX","10094068.41","16623191.21"
"75443","City_43","County_43","TX","11759321.07","16623119.68"
"75074","City_74","County_24","TX","9995522.32","16618691.10"
"76456","City_56","County_6","TX","10217611.35","16609096.64"
"76108","City_8","County_8","TX","10578841.38","16600784.64"
"76141","City_41","County_41","TX","10636564.20","16596354.90"
"76238","City_38","County_38","TX","11527847.40","16563028.13"
"75782","City_82","County_32","TX","12192766.08","16540058.46"
"75674","City_74","County_24","TX","12038778.56","16528506.30"
"75168","City_68","County_18","TX","10900610.00","16527925.70"
"76037","City_37","County_37","TX","10729745.73","16527704.36"
"76006","City_6","County_6","TX","10689740.00","16522802.80"
"75372","City_72","County_22","TX","11423485.70","16517023.36"
"76224","City_24","County_24","TX","10112350.50","16515808.68"
"75975","City_75","County_25","TX","11978224.96","16491916.39"
"75426","City_26","County_26","TX","11716401.60","16484972.28"
"75314","City_14","County_14","TX","11538866.55","16484317.74"
"76142","City_42","County_42","TX","11507300.70","16478694.54"
"75993","City_93","County_43","TX","10137320.10","16476899.28"
"75431","City_31","County_31","TX","10308957.48","16473926.37"
"75750","City_50","County_0","TX","12705602.10","16455788.86"
"76102","City_2","County_2","TX","11395308.48","16449597.92"
"75839","City_39","County_39","TX","10594521.86","16448443.76"
"75589","City_89","County_39","TX","11756706.12","16442299.44"
"75560","City_60","County_10","TX","11677446.81","16435146.35"
"75044","City_44","County_44","TX","11442498.08","16423597.08"
"75996","City_96","County_46","TX","10999857.36","16420199.76"
"76437","City_37","County_37","TX","11374600.31","16419071.28"
"75528","City_28","County_28","TX","12020567.44","16415533.20"
"75458","City_58","County_8","TX","10577838.16","16404433.50"
"76016","City_16","County_16","TX","11040707.60","16392048.00"
"75794","City_94","County_44","TX","11161209.85","16374092.54"
"76358","City_58","County_8","TX","11753929.68","16373156.91"
"75949","City_49","County_49","TX","11912452.53","16363262.76"
"76007","City_7","County_7","TX","10237714.55","16358094.00"
"75584","City_84","County_34","TX","10721575.79","16343213.44"
"75586","City_86","County_36","TX","10569795.04","16319701.86"
"76178","City_78","County_28","TX","11103599.10","16314403.80"
"75113","City_13","County_13","TX","10156567.80","16309504.01"
"76296","City_96","County_46","TX","10123242.30","16302776.88"
"75653","City_53","County_3","TX","10384426.52","16302607.86"
"76187","City_87","County_37","TX","12424068.71","16296150.09"
"76091","City_91","County_41","TX","11453457.75","16288305.32"
"75822","City_22","County_22","TX","10908828.84","16287892.83"
"76256","City_56","County_6","TX","10465698.93","16276607.35"
"76291","City_91","County_41","TX","9478169.36","16276571.15"
"75471","City_71","County_21","TX","12090393.48","16272193.80"
"76392","City_92","County_42","TX","11867128.32","16268714.00"
"75021","City_21","County_21","TX","9088755.55","16260045.84"
"75829","City_29","County_29","TX","11115108.48","16257885.00"
"76055","City_55","County_5","TX","11692420.80","16252334.35"
"76190","City_90","County_40","TX","12491794.00","16252162.68"
"75326","City_26","County_26","TX","10880293.55","16232297.67"
"75742","City_42","County_42","TX","11487871.44","16230709.44"
"75843","City_43","County_43","TX","10738904.25","16222907.75"
"76247","City_47","County_47","TX","10337726.18","16209655.02"
"76021","City_21","County_21","TX","10646196.48","16208506.01"
"75909","City_9","County_9","TX","10093056.57","16207981.44"
"75513","City_13","County_13","TX","9107400.90","16197010.50"
"76158","City_58","County_8","TX","10800670.80","16184876.21"
"75095","City_95","County_45","TX","10885404.98","16181348.82"
"75393","City_93","County_43","TX","10197923.00","16181005.96"
"76431","City_31","County_31","TX","10216632.60","16176620.00"
"76211","City_11","County_11","TX","10413175.08","16176163.64"
"75665","City_65","County_15","TX","9836400.50","16175748.60"
"76330","City_30","County_30","TX","9765786.34","16163165.72"
"75600","City_0","County_0","TX","12430330.20","16159911.00"
"75486","City_86","County_36","TX","10339884.16","16147591.32"
"75972","City_72","County_22","TX","10610328.60","16141999.72"
"75468","City_68","County_18","TX","10873544.32","16137688.56"
"75199","City_99","County_49","TX","11168688.99","16127011.07"
"75099","City_99","County_49","TX","9981173.54","16106443.98"
"75155","City_55","County_5","TX","11964617.08","16104775.03"
"76404","City_4","County_4","TX","9395165.92","16102777.50"
"76293","City_93","County_43","TX","11974043.73","16099551.84"
"75066","City_66","County_16","TX","10316179.69","16093341.04"
"75224","City_24","County_24","TX","10174218.57","16076272.64"
"75977","City_77","County_27","TX","10830307.60","16068979.52"
"76459","City_59","County_9","TX","11237823.90","16064752.82"
"75751","City_51","County_1","TX","11989744.20","16057327.30"
"75594","City_94","County_44","TX","9362230.29","16056474.00"
"76439","City_39","County_39","TX","10918799.85","16049736.64"
"76483","City_83","County_33","TX","11226314.99","16046585.28"
"75403","City_3","County_3","TX","10586207.96","16046136.30"
"75721","City_21","County_21","TX","11429677.50","16038207.90"
"75214","City_14","County_14","TX","9959393.85","16034924.36"
"75557","City_57","County_7","TX","11135683.44","16034126.13"
"75831","City_31","County_31","TX","9777569.72","16029412.36"
"75955","City_55","County_5","TX","9547003.60","16023199.28"
"75063","City_63","County_13","TX","11063687.25","16018490.54"
"76164","City_64","County_14","TX","10862683.50","16016834.56"
"75223","City_23","County_23","TX","10508660.25","16004192.49"
"75196","City_96","County_46","TX","10796998.12","16001779.50"
"76279","City_79","County_29","TX","11184899.95","15999812.55"
"76285","City_85","County_35","TX","10580027.04","15996846.06"
"75904","City_4","County_4","TX","11369072.52","15996577.04"
"75037","City_37","County_37","TX","10142141.45","15990282.96"
"75907","City_7","County_7","TX","10419396.26","15989247.27"
"75727","City_27","County_27","TX","10277743.28","15988461.72"
"75997","City_97","County_47","TX","10672978.42","15968843.80"
"75731","City_31","County_31","TX","10631442.32","15963573.08"
"76085","City_85","County_35","TX","10146967.60","15954732.60"
"75807","City_7","County_7","TX","11192627.04","15943811.20"
"76093","City_93","County_43","TX","10255722.24","15943684.26"
"75538","City_38","County_38","TX","10556431.90","15937659.36"
"75208","City_8","County_8","TX","10694235.17","15928127.70"
"75626","City_26","County_26","TX","11337277.56","15910166.91"
"75605","City_5","County_5","TX","11735732.32","15894012.30"
"75462","City_62","County_12","TX","9845552.64","15874152.93"
"75652","City_52","County_2","TX","10652210.24","15854501.25"
"75562","City_62","County_12","TX","12766465.80","15852082.29"
"75918","City_18","County_18","TX","9020600.64","15849872.32"
"76420","City_20","County_20","TX","9921980.90","15846013.40"
"76400","City_0","County_0","TX","10583292.50","15844533.95"
"75987","City_87","County_37","TX","10496756.20","15842787.46"
"75891","City_91","County_41","TX","12153148.92","15833847.25"
"76087","City_87","County_37","TX","10884634.20","15824552.58"
"76048","City_48","County_48","TX","9859573.62","15819674.48"
"76096","City_96","County_46","TX","9462986.78","15816763.20"
"75760","City_60","County_10","TX","10253899.04","15814907.10"
"76474","City_74","County_24","TX","9698739.60","15796787.40"
"75627","City_27","County_27","TX","11194725.60","15791017.44"
"75234","City_34","County_34","TX","11148915.00","15777120.71"
"76051","City_51","County_1","TX","9769778.28","15776698.50"
"75969","City_69","County_19","TX","10766892.64","15774682.20"
"76026","City_26","County_26","TX","9700158.52","15750446.92"
"75802","City_2","County_2","TX","11623326.75","15738580.52"
"75206","City_6","County_6","TX","12270751.02","15731594.64"
"75050","City_50","County_0","TX","10543046.16","15703212.55"
"75963","City_63","County_13","TX","10497918.80","15665109.46"
"75995","City_95","County_45","TX","9819468.40","15639645.12"
"75588","City_88","County_38","TX","9732988.80","15630616.98"
"76413","City_13","County_13","TX","10176225.18","15625831.78"
"76280","City_80","County_30","TX","10307360.58","15620776.08"
"75632","City_32","County_32","TX","8952247.68","15620363.63"
"75745","City_45","County_45","TX","9905196.56","15618296.96"
"75630","City_30","County_30","TX","10042443.84","15578712.18"
"75660","City_60","County_10","TX","11173993.77","15570235.46"
"76497","City_97","County_47","TX","9085878.34","15567732.36"
"75870","City_70","County_20","TX","10725067.98","15556281.52"
"76001","City_1","County_1","TX","10650941.91","15549856.64"
"75147","City_47","County_47","TX","11097042.88","15549715.72"
"75933","City_33","County_33","TX","10397544.50","15547722.00"
"75367","City_67","County_17","TX","11049256.00","15544505.47"
"76165","City_65","County_15","TX","10320604.80","15514960.85"
"76036","City_36","County_36","TX","10467954.25","15510668.60"
"75883","City_83","County_33","TX","10285849.92","15509736.90"
"75017","City_17","County_17","TX","10308281.60","15505075.08"
"76407","City_7","County_7","TX","9919950.83","15487624.88"
"75244","City_44","County_44","TX","11193286.17","15474048.20"
"75715","City_15","County_15","TX","10535020.08","15458390.40"
"75015","City_15","County_15","TX","11479419.38","15455197.80"
"76489","City_89","County_39","TX","11691645.60","15454726.05"
"75106","City_6","County_6","TX","10505669.20","15448632.85"
"75887","City_87","County_37","TX","9386599.32","15444822.30"
"76239","City_39","County_39","TX","10607916.20","15408589.06"
"76058","City_58","County_8","TX","10507034.28","15405411.06"
"75321","City_21","County_21","TX","11184355.77","15400288.12"
"75571","City_71","County_21","TX","10481986.56","15387601.86"
"75752","City_52","County_2","TX","9968456.32","15376600.98"
"75551","City_51","County_1","TX","9013692.13","15373059.66"
"76196","City_96","County_46","TX","10577697.28","15347701.53"
"75934","City_34","County_34","TX","10490350.67","15320906.49"
"76326","City_26","County_26","TX","9235044.64","15222775.00"
"75317","City_17","County_17","TX","9848615.28","15210198.08"
"75024","City_24","County_24","TX","10226127.90","15208839.63"
"75288","City_88","County_38","TX","11193236.86","15188664.96"
"76317","City_17","County_17","TX","10651119.15","15186306.75"
"75629","City_29","County_29","TX","9669123.09","15179945.50"
"76481","City_81","County_31","TX","9337591.10","15177859.05"
"75747","City_47","County_47","TX","9885831.00","15173067.84"
"76492","City_92","County_42","TX","9429158.60","15141869.46"
"76000","City_0","County_0","TX","10694468.48","15136963.92"
"75625","City_25","County_25","TX","9872948.54","15132225.92"
"76245","City_45","County_45","TX","10020637.09","15119629.56"
"76368","City_68","County_18","TX","8716715.56","15115053.17"
"76101","City_1","County_1","TX","10442449.92","15112517.10"
"75466","City_66","County_16","TX","9827238.05","15109453.94"
"75655","City_55","County_5","TX","10109381.45","15093699.00"
"75739","City_39","County_39","TX","8951208.25","15084369.36"
"75855","City_55","County_5","TX","9545331.90","15059234.56"
"76171","City_71","County_21","TX","9872219.79","15043583.59"
"75188","City_88","County_38","TX","10313918.52","15025625.28"
"75064","City_64","County_14","TX","10498765.82","15017384.50"
"75439","City_39","County_39","TX","10025627.10","15016830.92"
"75917","City_17","County_17","TX","9440299.44","15003746.42"
"75581","City_81","County_31","TX","10606628.80","14973950.88"
"76124","City_24","County_24","TX","9928574.70","14968557.52"
"75860","City_60","County_10","TX","9888808.25","14966584.86"
"75992","City_92","County_42","TX","9473849.70","14957060.13"
"75582","City_82","County_32","TX","10802017.71","14925060.54"
"75820","City_20","County_20","TX","10007158.46","14921807.04"
"75263","City_63","County_13","TX","10315876.41","14907928.00"
"75169","City_69","County_19","TX","10338708.35","14900009.50"
"75885","City_85","County_35","TX","10066971.60","14875546.56"
"76182","City_82","County_32","TX","9732156.75","14867137.28"
"75345","City_45","County_45","TX","8922230.80","14864690.16"
"75292","City_92","County_42","TX","10539835.20","14862524.88"
"75866","City_66","County_16","TX","9905928.20","14845624.08"
"76233","City_33","County_33","TX","8175649.55","14840557.16"
"75056","City_56","County_6","TX","9464915.60","14816962.17"
"75361","City_61","County_11","TX","9760290.40","14807402.68"
"75961","City_61","County_11","TX","10043394.56","14799734.37"
"75792","City_92","County_42","TX","9631667.76","14779942.80"
"75120","City_20","County_20","TX","10806189.12","14761805.76"
"75407","City_7","County_7","TX","10518387.62","14756564.46"
"75549","City_49","County_49","TX","9492946.42","14742777.56"
"76252","City_52","County_2","TX","8932695.12","14738247.68"
"75273","City_73","County_23","TX","10026571.94","14721980.85"
"75026","City_26","County_26","TX","10336531.80","14720102.75"
"76270","City_70","County_20","TX","10224069.90","14699988.54"
"75514","City_14","County_14","TX","9876149.66","14697939.84"
"76056","City_56","County_6","TX","10611110.90","14695212.56"
"76442","City_42","County_42","TX","11667690.25","14680550.88"
"76414","City_14","County_14","TX","9951289.75","14660962.14"
"75469","City_69","County_19","TX","8782787.76","14640505.11"
"75013","City_13","County_13","TX","10221390.00","14621104.96"
"75396","City_96","County_46","TX","9981899.10","14610450.40"
"75201","City_1","County_1","TX","9496086.38","14594259.48"
"75902","City_2","County_2","TX","9534276.60","14592642.75"
"76129","City_29","County_29","TX","10939363.00","14579938.45"
"76281","City_81","County_31","TX","9231575.76","14575022.62"
"75061","City_61","County_11","TX","10099713.78","14566892.67"
"75637","City_37","County_37","TX","10044213.22","14558676.60"
"75430","City_30","County_30","TX","9712224.81","14548078.20"
"75307","City_7","County_7","TX","9835122.92","14545023.30"
"76394","City_94","County_44","TX","7780500.00","14534618.62"
"75783","City_83","County_33","TX","8805967.10","14503463.04"
"75893","City_93","County_43","TX","9397693.16","14495231.76"
"76465","City_65","County_15","TX","8712370.24","14493060.66"
"76498","City_98","County_48","TX","10503360.48","14473892.97"
"75942","City_42","County_42","TX","10077352.90","14471468.70"
"76273","City_73","County_23","TX","9495769.65","14470770.34"
"75189","City_89","County_39","TX","10165635.54","14468596.23"
"76255","City_55","County_5","TX","10251096.52","14464992.08"
"75117","City_17","County_17","TX","9788427.36","14426211.80"
"76373","City_73","County_23","TX","9187905.60","14419690.84"
"75470","City_70","County_20","TX","9927319.36","14393834.00"
"75988","City_88","County_38","TX","8756969.28","14365177.06"
"75434","City_34","County_34","TX","10063418.31","14354265.75"
"75416","City_16","County_16","TX","10231106.24","14352586.80"
"76080","City_80","County_30","TX","10129315.17","14319389.84"
"75406","City_6","County_6","TX","10308548.40","14316896.88"
"75924","City_24","County_24","TX","9323390.92","14310835.22"
"75718","City_18","County_18","TX","8925605.56","14294205.75"
"75527","City_27","County_27","TX","9487832.25","14284251.20"
"76017","City_17","County_17","TX","9113852.75","14277200.13"
"75114","City_14","County_14","TX","8703787.20","14268055.56"
"76321","City_21","County_21","TX","10611751.32","14255088.81"
"76288","City_88","County_38","TX","9193230.76","14252184.90"
"76351","City_51","County_1","TX","9082697.40","14220267.36"
"75705","City_5","County_5","TX","9509517.00","14208327.34"
"76428","City_28","County_28","TX","8859333.96","14208232.36"
"76154","City_54","County_4","TX","9886330.84","14187309.76"
"75040","City_40","County_40","TX","9393832.50","14176070.74"
"76155","City_55","County_5","TX","9242127.30","14151301.75"
"76083","City_83","County_33","TX","9489799.00","14145786.60"
"75156","City_56","County_6","TX","10235302.22","14119701.05"
"75738","City_38","County_38","TX","9816410.79","14119416.30"
"75280","City_80","County_30","TX","10415898.60","14117961.48"
"76427","City_27","County_27","TX","8426880.90","14093230.06"
"75994","City_94","County_44","TX","9966962.75","14089104.00"
"75844","City_44","County_44","TX","9020533.50","14074071.50"
"75438","City_38","County_38","TX","9588696.30","14073655.68"
"75390","City_90","County_40","TX","10283475.75","14028411.25"
"76289","City_89","County_39","TX","10408590.06","13988642.25"
"75774","City_74","County_24","TX","8301941.70","13985948.70"
"75957","City_57","County_7","TX","9017747.55","13973454.88"
"76153","City_53","County_3","TX","9052558.84","13948644.92"
"75673","City_73","County_23","TX","9630881.70","13939021.68"
"75947","City_47","County_47","TX","8019682.16","13911211.75"
"75440","City_40","County_40","TX","8991378.76","13897486.93"
"76122","City_22","County_22","TX","8299567.38","13876873.64"
"75373","City_73","County_23","TX","8637754.98","13869335.26"
"75300","City_0","County_0","TX","9933632.75","13838347.14"
"75735","City_35","County_35","TX","10197540.82","13819353.84"
"75304","City_4","County_4","TX","9140282.34","13814031.36"
"75119","City_19","County_19","TX","9952520.48","13808813.70"
"76265","City_65","County_15","TX","8747185.68","13783797.75"
"75818","City_18","County_18","TX","8986555.60","13771635.69"
"76463","City_63","County_13","TX","9981628.00","13730264.08"
"76286","City_86","County_36","TX","9094771.32","13702063.92"
"75278","City_78","County_28","TX","10155223.19","13668662.28"
"76466","City_66","County_16","TX","7783564.50","13638147.36"
"75051","City_51","County_1","TX","8886304.32","13625372.64"
"75423","City_23","County_23","TX","9862472.25","13607603.70"
"76266","City_66","County_16","TX","9829092.80","13575561.48"
"75047","City_47","County_47","TX","9741089.75","13561148.37"
"76453","City_53","County_3","TX","9703454.67","13552671.30"
"75535","City_35","County_35","TX","9516427.43","13511257.20"
"75597","City_97","County_47","TX","9748921.59","13500984.15"
"76339","City_39","County_39","TX","8911919.97","13500912.88"
"75616","City_16","County_16","TX","7817735.45","13477348.40"
"76206","City_6","County_6","TX","7567967.32","13460301.76"
"75010","City_10","County_10","TX","9605425.76","13458055.52"
"76113","City_13","County_13","TX","8829510.72","13426697.52"
"75104","City_4","County_4","TX","8740938.56","13399208.64"
"75687","City_87","County_37","TX","8760451.70","13395035.36"
"75350","City_50","County_0","TX","9031345.92","13390841.04"
"75330","City_30","County_30","TX","8523484.80","13338951.60"
"76336","City_36","County_36","TX","8336872.75","13331494.59"
"75227","City_27","County_27","TX","9450606.68","13316949.00"
"75770","City_70","County_20","TX","8891212.96","13315462.02"
"76429","City_29","County_29","TX","8094153.28","13298442.68"
"76478","City_78","County_28","TX","8795003.52","13282560.90"
"75202","City_2","County_2","TX","8970946.78","13276965.36"
"76120","City_20","County_20","TX","9259578.44","13275746.12"
"75140","City_40","County_40","TX","9771193.88","13268364.03"
"76260","City_60","County_10","TX","9364819.10","13228938.70"
"75190","City_90","County_40","TX","8443438.46","13200766.58"
"75679","City_79","County_29","TX","9402149.75","13161177.10"
"76235","City_35","County_35","TX","8212799.49","13147676.48"
"75670","City_70","County_20","TX","9233739.60","13146948.75"
"75400","City_0","County_0","TX","8950994.13","13075173.80"
"75449","City_49","County_49","TX","9003471.40","13067517.85"
"76208","City_8","County_8","TX","8206029.92","13062521.15"
"75211","City_11","County_11","TX","9052930.60","13047612.74"
"76008","City_8","County_8","TX","8403718.61","13025380.16"
"75347","City_47","County_47","TX","8803520.70","13000611.51"
"75798","City_98","County_48","TX","9409471.36","12999079.25"
"75094","City_94","County_44","TX","8280811.71","12990876.00"
"75567","City_67","County_17","TX","8574530.56","12975994.25"
"75684","City_84","County_34","TX","8815706.82","12968504.49"
"75559","City_59","County_9","TX","8783375.68","12932331.90"
"75492","City_92","County_42","TX","8332697.10","12932207.12"
"75172","City_72","County_22","TX","9614154.24","12885488.88"
"76355","City_55","County_5","TX","9133662.72","12875905.84"
"75711","City_11","County_11","TX","10270597.92","12784064.25"
"76068","City_68","County_18","TX","8028705.50","12753828.00"
"76287","City_87","County_37","TX","9562148.83","12735139.41"
"76297","City_97","County_47","TX","9463829.28","12705598.93"
"75748","City_48","County_48","TX","8306677.96","12677025.50"
"75057","City_57","County_7","TX","9612407.40","12647573.76"
"75692","City_92","County_42","TX","8072017.28","12640453.14"
"75840","City_40","County_40","TX","8476555.88","12632640.39"
"75790","City_90","County_40","TX","8691423.66","12624306.76"
"75869","City_69","County_19","TX","8678609.31","12608456.75"
"76148","City_48","County_48","TX","8792129.27","12563759.67"
"75720","City_20","County_20","TX","8381783.52","12545271.48"
"75081","City_81","County_31","TX","8647322.88","12519436.71"
"75810","City_10","County_10","TX","8078467.25","12430988.08"
"75930","City_30","County_30","TX","8453613.89","12421350.76"
"75943","City_43","County_43","TX","8106870.46","12370658.25"
"75595","City_95","County_45","TX","9278611.50","12331615.20"
"75132","City_32","County_32","TX","9342208.98","12292360.64"
"75220","City_20","County_20","TX","8915032.20","12291574.32"
"75446","City_46","County_46","TX","9038884.40","12264529.50"
"75761","City_61","County_11","TX","7948968.06","12233477.76"
"75420","City_20","County_20","TX","8530619.50","12152568.90"
"75867","City_67","County_17","TX","8062617.60","12122162.42"
"75067","City_67","County_17","TX","7264676.40","12073017.00"
"76198","City_98","County_48","TX","7904554.80","12046626.97"
"75496","City_96","County_46","TX","7249104.35","12045266.80"
"75763","City_63","County_13","TX","7984554.19","12028128.60"
"75607","City_7","County_7","TX","8399880.50","11998419.42"
"75295","City_95","County_45","TX","9574049.25","11991185.64"
"76168","City_68","County_18","TX","7784705.40","11987181.86"
"76418","City_18","County_18","TX","8442921.24","11970887.49"
"75299","City_99","County_49","TX","7452203.52","11950023.60"
"76002","City_2","County_2","TX","8309099.75","11916390.17"
"76004","City_4","County_4","TX","8101581.81","11892952.56"
"76230","City_30","County_30","TX","8052658.88","11876018.72"
"76175","City_75","County_25","TX","8407092.87","11868464.16"
"75615","City_15","County_15","TX","7739726.40","11864013.64"
"76348","City_48","County_48","TX","8734513.41","11784093.30"
"75085","City_85","County_35","TX","8243090.01","11762102.82"
"75547","City_47","County_47","TX","7631687.96","11690880.75"
"76331","City_31","County_31","TX","8401322.33","11658427.00"
"75032","City_32","County_32","TX","7987738.44","11596814.08"
"75495","City_95","County_45","TX","8252744.76","11585176.93"
"76391","City_91","County_41","TX","7694426.00","11584281.06"
"75772","City_72","County_22","TX","7547245.20","11560263.60"
"75976","City_76","County_26","TX","8268300.82","11512083.70"
"75308","City_8","County_8","TX","7667652.48","11496642.93"
"75437","City_37","County_37","TX","8138466.96","11396532.50"
"75409","City_9","County_9","TX","7653690.20","11325020.00"
"75813","City_13","County_13","TX","6955961.30","11263787.08"
"75982","City_82","County_32","TX","7635338.88","11236830.57"
"75903","City_3","County_3","TX","7597457.92","11232579.12"
"75334","City_34","County_34","TX","7273245.56","11223888.28"
"75387","City_87","County_37","TX","8840927.92","11157490.24"
"76411","City_11","County_11","TX","8451990.96","11143163.08"
"75618","City_18","County_18","TX","7300667.04","11102871.26"
"75890","City_90","County_40","TX","6833718.06","11011301.52"
"75968","City_68","County_18","TX","6774061.80","10965648.89"
"75053","City_53","County_3","TX","8218128.36","10828852.50"
"76499","City_99","County_49","TX","6955368.63","10819974.27"
"75312","City_12","County_12","TX","7227536.40","10633088.37"
"75217","City_17","County_17","TX","7461043.98","10622948.13"
"76302","City_2","County_2","TX","6463665.72","10399134.00"
"75797","City_97","County_47","TX","7738433.08","10157235.40"
"75876","City_76","County_26","TX","7324575.05","10142810.02"
"75697","City_97","County_47","TX","6073949.50","10116084.72"
"75498","City_98","County_48","TX","7058156.82","10012399.05"
"76248","City_48","County_48","TX","6649107.72","9897942.82"
"75886","City_86","County_36","TX","7054393.15","9859618.51"
"75230","City_30","County_30","TX","6369947.40","9813189.88"
"75252","City_52","County_2","TX","6509057.58","9693011.52"
"75183","City_83","County_33","TX","6589196.67","9230815.62"
"75329","City_29","County_29","TX","6845390.00","9156526.11"
"76349","City_49","County_49","TX","5590991.91","9025508.66"
"75371","City_71","County_21","TX","5913893.60","8929249.00"
"75503","City_3","County_3","TX","6324421.51","8764736.22"
"76361","City_61","County_11","TX","4956745.20","8409411.12"
"75075","City_75","County_25","TX","5592250.36","8364907.98"
"75494","City_94","County_44","TX","5385679.04","8302692.30"
"75122","City_22","County_22","TX","5650367.55","8301447.66"
